ImpactID,Classification_Key,DisNo,ISO,Total_Deaths,No_Injured,No_Affected,No_Homeless,Total_Affected,Location
5cdf3bcf14b636dcea834bde8a1d89fa,nat-met-sto-tor,2000-0021-USA,USA,1.0,12.0,0.0,150.0,162.0,"Crittenden, Daviess, Webster districts (Kentucky province)"
5370ecca580bd7737acae78e8d820169,nat-met-sto-tor,2000-0067-USA,USA,22.0,100.0,900.0,0.0,1000.0,"Bullock, Montgomery districts (Alabama province), Colquitt, Grady, Mitchell, Thomas, Tift districts (Georgia province), Washington district (Floride province), Lonoke, Prairie, Saline districts (Arkansas province)"
aee9ba2fd62e6a9ad6c976d5503c5011,nat-hyd-flo-riv,2000-0080-USA,USA,3.0,0.0,231.0,0.0,231.0,"Kentucky, Ohio provinces"
28e519b25fa779a2c599392458dfb094,nat-met-sto-tor,2000-0175-USA,USA,5.0,0.0,3000.0,300.0,3300.0,"Fort Worth Texas city (Tarrant district, Texas province), Reagan, Burleson districts (Texas province)"
37a607d222456968f0bf6d2a3bb2b47c,nat-hyd-flo-fla,2000-0232-USA,USA,2.0,0.0,0.0,2000.0,2000.0,"Franklin, Jefferson districts (Missouri province)"
56664d2838451fe35810469aa14359a7,nat-hyd-flo-fla,2000-0271-USA,USA,1.0,0.0,300.0,0.0,300.0,Oklahoma province
a0c0197b167e4b78744a4acea0da2e7c,nat-hyd-flo-flo,2000-0297-USA,USA,2.0,0.0,300.0,0.0,300.0,"Franklin, Jefferson, Gasconade districts (Missouri province)"
eb29f08135112418d0175280ae1e9cb2,nat-met-sto-tor,2000-0420-CAN,CAN,11.0,140.0,0.0,700.0,840.0,"Pine Lake area (Division No. 8 district, Alberta province)"
a6f69db763c0932834083f5b96a6c30a,nat-met-sto-tor,2000-0463-USA,USA,1.0,15.0,900.0,120.0,1035.0,"Granite Falls city (Yellow Medicine, Minnesota province)"
156de1c3a4edcf5fd67a8f0eced9d3c5,nat-met-sto-tor,2000-0614-USA,USA,1.0,115.0,0.0,0.0,115.0,"Xenia city (Greene district, Ohio province)"
b9af99a2ac300885c5a06081f9fa953f,nat-met-sto-tro,2000-0652-USA,USA,2.0,0.0,14418.0,3015.0,17433.0,"Miami-Dade, Monroe, Broward, Collier districts (Florida province)"
fee1fdbd02d5db12960efce4c627244b,nat-met-sto-bli,2000-0838-USA,USA,57.0,34.0,0.0,0.0,34.0,"Texas, Oklahoma, New Mexico, Arkansas, Missouri, Minnesota provinces"
89b7ae3bbdc3119005b0670e66cd779f,nat-met-sto-sto,2000-0937-USA,USA,12.0,75.0,0.0,0.0,75.0,"Tuscaloosa district (Alabama province), Connecticut, Florida, Georgia, Massachusetts, Mississippi, Norh Carolina, New Jersey, New York, Pennsylvania, Rhode Island provinces"
f4dd3cb711526c7cb4470fa8b1fdd2f9,nat-met-sto-sto,2001-0052-CAN,CAN,11.0,0.0,0.0,30.0,30.0,Quebec province
121ee3de0fc3d8ca66fb93988bfb3fb8,nat-geo-ear-gro,2001-0099-USA,USA,1.0,400.0,0.0,0.0,400.0,"Seattle city (King district), Tacoma city (Pierce district), Olympia city (Thurston district) (Washington province)"
8a08208b3e8bb01fde8975a733c8e3bb,nat-met-sto-tor,2001-0102-USA,USA,7.0,30.0,900.0,0.0,930.0,"Calhoun, Lee, Pontotoc, Prentiss, Union districts (Mississippi province)"
334ca07e3b5a4ed23f8de7b5af60d21f,nat-met-sto-bli,2001-0106-USA,USA,11.0,100.0,0.0,0.0,100.0,"Virginia, New Jersey, Pennsylvania, North Carolina, West Virginia, Maryland provinces"
e09edf3008823d00ae674a2b7989ca7c,nat-met-sto-tor,2001-0145-USA,USA,4.0,18.0,765.0,30.0,813.0,"Kearny, Trego, Ellis, Rooks, Ford, Osborne, Smith, Jewell, Edwards, Republic, Washington districts (Kansas province), Union city (Franklin district, Missouri province), Johnson, Pettis, Cooper, Callaway, St Charles, Gentry, Worth, Clark, Madison districts (Missouri), Beaver, Pontotoc, Coal, Johnston, Atoka, Haskell, Pottawatomie districts (Oklahoma province), Wichita, Cooke, Carson, Hutchinson, Hansford, Wheeler districts (Texas province), Thayer, Gage, Sarpy, Webster, Nuckolls districts (Nebraska province), Mills, Pottawattamie, Guthrie, Boone, Hamilton, Wapello, Johnson, Black Hawk, Benton, Fayette, Webster, Ringgold districts (Iowa province), Madison district (Illinois province)"
72ffb616368e11dc8458ca747df77431,nat-met-sto-tro,2001-0242-USA,USA,41.0,0.0,102000.0,70000.0,172000.0,"Texas, Mississippi, Louisiana, Florida, Pennsylvania, South Carolina, North Carolina, Georgia, Pensylvania, New Jersey, Virginia, Iowa provinces"
1d834c835d9c01a6f04282fdf7ccc8fd,nat-met-sto-sto,2001-0266-USA,USA,2.0,0.0,100.0,0.0,100.0,"New Hampshire, Vermont, Maine, Massachusetts, Rhode Island provinces"
eec338274210e6aed14e42ebb067c249,nat-hyd-flo-riv,2001-0268-USA,USA,1.0,0.0,4400.0,0.0,4400.0,"Minnesota, Iowa, Wisconsin, Illinois provinces"
ebe3655caf5fd552e82497c9df70b2e4,nat-met-sto-tor,2001-0270-USA,USA,1.0,32.0,1707.0,0.0,1739.0,"Hoisington city (Barton district, Kansas province)"
007f2c6898cdedc5a323aebf75122289,nat-hyd-flo-riv,2001-0460-USA,USA,2.0,0.0,10500.0,4500.0,15000.0,Virginia province
ab645cbf565a8210f06a5bddde3d98df,nat-met-sto-tor,2001-0473-USA,USA,3.0,8.0,360.0,0.0,368.0,"Siren city (Burnett district, Wisconsin province)"
3c8442836d68e40dfb277fbc5dcc8d90,nat-met-sto-tor,2001-0566-USA,USA,2.0,50.0,0.0,1000.0,1050.0,"Howard, Prince George's districts (Maryland province)"
240482092817af7a231994486853b71c,nat-hyd-flo-riv,2001-0724-USA,USA,9.0,0.0,600.0,0.0,600.0,Texas province
e25e4cb257bfda9f05616f111ae3d1e0,nat-met-sto-sto,2002-0165-USA,USA,6.0,4.0,750.0,0.0,754.0,"Sevier, Blount, Knox, Hawkins districts (Tennessee province), Cumberland, Bell districts (Kentucky province), Wise, Smyth, Washington districts (Virginia province), Cabell district (West Virginia province), North Carolina, Mississippi, Arkansas, Texas provinces"
a8993afce32619df55191529c462e0de,nat-hyd-flo-riv,2002-0183-USA,USA,7.0,0.0,2000.0,0.0,2000.0,"Tennessee, Virginia, Kentucky, Ohio, Arkansas, Oklahoma, Texas provinces"
23786567fe464aaecdc7934cc001ca31,nat-hyd-flo-riv,2002-0266-USA,USA,9.0,0.0,1000.0,0.0,1000.0,"Pike district (Kentucky province), Virginia province"
e0964363ccf47fa648664b654c1454b0,nat-met-sto-tor,2002-0283-USA,USA,2.0,3.0,150.0,30.0,183.0,"Happy town (Randall, Swisher districts, Texas province)"
e8df16d9d9feab6d75648d1abdb4e171,nat-met-sto-tor,2002-0287-USA,USA,1.0,12.0,0.0,0.0,12.0,"Wayne, Jefferson districts (Illinois province)"
98f7a020dabac8d34e776c6ac50f21cc,nat-met-sto-tor,2002-0310-USA,USA,10.0,100.0,0.0,0.0,100.0,"Breckinridge, Meade, Crittenden, Webster, Hopkins, Ohio, Hardin, Edmonson districts (Kentucky province), Bollinger, Howell districts (Missouri province), Charles, Calvert, Dorchester, Wicomico, Cecil districts (Maryland province), Illinois (Clay,Union, Johnson,Pope, Moultrie, Saline, Bond), Gordon district (Georgia province), Atchison district (Kansas province), Erie, Allegany districts (New York province), Stark district (Ohio province), Indiana, Mercer, Venango, Butler, Armstrong, Columbia, Lebanon, Allegheny districts (Pennsylvania province), Rutherford, Lake, Henry, Carter districts (Tennessee province), Virginia (Shenandoah, Greensville, Bedford, (Campbell, Nottoway, Prince George), Marshall district (West Virginia province), Pontotoc, Chickasaw districts (Mississippi province), Perry district (Indiana province)"
ae72f74a3ac693a029b73d8fec716f16,nat-hyd-flo-riv,2002-0411-USA,USA,10.0,0.0,144000.0,0.0,144000.0,"Comal, Guadalupe, Bandera, Uvalde, McMullen, Taylor districts (Texas province)"
8fb09b06844dac8e1f94c328dedb89e6,nat-bio-epi-vir,2002-0502-USA,USA,214.0,0.0,3523.0,0.0,3523.0,"Alabama, district of Columbia, Illinois, Indiana, Louisiana, Mississippi, Texas, Florida, Massachusetts, Missouri, New York City, Ohio, Georgia, Kentucky, Maryland, Michigan, Nebraska, South Dacota, Tennessee, Texas, Virginia, Wisconsin"
0c0801708a595d021c0b75624ec52389,nat-met-sto-tro,2002-0652-USA,USA,1.0,0.0,13200.0,0.0,13200.0,"Louisiane, Mississippi, Alabama, Tennessee provinces"
82b3b236b1538d588100b7ea30533261,nat-met-sto-tor,2002-0700-USA,USA,36.0,115.0,3600.0,351.0,4066.0,"Tipton, Carroll, Montgomery, Sumner, Bedford, Coffee, Morgan, Cumberland, Anderson districts (Tennessee province), Henry, Dale, Fayette, Walker, Winston, Lamar, Cullman, Tuscaloosa, Jefferson, Cherokee districts (Alabama province), Van Wert, Paulding, Putnam, Defiance, Athens, Logan, Union, Seneca, Ottawa districts (Ohio province), Allen district (Kentucky province), Cross, Crittenden, Mississippi districts (Arkansas province), Appling, Cherokee, Pickens, Dawson, Atkinson, Coffee districts (Georgia province), Blackford district (Indiana province), Lowndes, Winston, Noxubee, Oktibbeha districts (Mississippi province), Mercer district (Pennsylvania province), McCormick district (South Carolina province)"
a0030c42a6dcaeaed6f637d6f2c1254f,nat-met-sto-sto,2002-0880-USA,USA,1.0,47.0,0.0,0.0,47.0,"Fulton, Tioga, Broome, Oswego, Delaware, Dutchess districts (New York province), Wayne district (Pennsylvania province), Connecticut, Massachusetts, Michigan, New Hampshire, New Jersey, Ohio, Wisconsin provinces"
c99c84f7ab42d91883d34b0648380718,nat-met-sto-bli,2003-0085-USA,USA,44.0,0.0,120.0,0.0,120.0,"Delaware, Kentucky, Massachusetts, Maryland, North Carolina, New Hampshire, New Jersey, New York, District of Columbia, Ohio, Pennsylvania, Rhode Island, Tennessee, Virginia, Vermont, West Virginia, Illinois, Missouri, Iowa, Nebraska, Connecticut provinces"
141d9a9af260d0e79eb0520ba8aa651f,nat-met-sto-tor,2003-0139-USA,USA,6.0,200.0,0.0,186.0,386.0,"Mitchell, Worth districts (Georgia province), Jackson district (Alabama province) North Carolina, South Carolina, Tennessee provinces"
bdeba8df0028a59609c6ef39f289bf3e,nat-met-sto-tor,2003-0210-USA,USA,45.0,145.0,0.0,15000.0,15145.0,"Colbert, Lauderdale, Limestone, Madison, Jackson, Dekalb, Lamar, Walker,St Clair, Talladega, Shelby, Clay districts (Alabama province), Mississippi, Craighead, White, Woodruff, Cross districts (Arkansas province), Adams, Weld, Morgan districts (Colorado province), Cherokee, Franklin, Madison, Elbert, Hart, Heard, Coweta districts (Georgia province), Marion, Mahaska, Lee, Van Buren, Jefferson, Henry, Louisa districts (Iowa province), Adams, Hancock, Mc Donough, Bureau, Henry, Brown, Mason, Fulton, Pope, Schuyler, Sangamon, Pulaski, Massac, Alexander, Jasper, Mercer, Warren, Tazewell districts (Illinois province), Perry, Kosciuscko, Putnam districts (Indiana province), Crawford, Wyandotte, Leavenworth, Neosho, Labette, Cherokee, Butler, Greenwood, Osage, Woodson, Allen, Douglas, Anderson, Linn, Marion districts (Kansas province), Calloway, Webster,Daviess, Mason, Lewis, Union, Henderson, Pulaski districts (Kentucky province), Lawrence, Cass, Platte, Clay, Jackson- Kansas city, Greene, Christian, Camden, Lewis, Barton, Cedar, Polk, Hickory, Dallas, Jasper, Johnson, Newton, Dade, Pettis, Dunklin, Pemiscot, Putnam, Scott, Knox, Scotland, Clark, Macon, Shelby, Mercer, Lafayette, Saline, Cape Girardeau, Bollinger, Pulaski districts (Missouri province), Marshall, Benton, Tippah, Alcorn, Newton, Scott, Chickasaw, Monroe, Lee, Itawamba, Madison, Sunflower districts (Mississippi province), Washington, Vance, Chowan, Bertie, Hertford, Northamton districts (North Carolina province), Saunders district (Nebraska province), Okhlaoma, Moore-Cleveland, Ottawa, Stephens, Creek, Lincoln, Canadian, Caddo, Osage, Noble, Le Flore, Marshall, Love, Jefferson districts (Okhahoma province), Aiken, Abbeville, Williamsburg districts (South Carolina province), Perkins, Todd didstricts (South Dakota province), Dyer, Madison, Hamilton-Chattanooga, Gibson, Weakley, Henry, Stewart, Henderson, Carroll, Montgomery, Robertson, Williamson, Davidson, Cannon, Lincoln, Lawrence, Hardin, McNairy districts (Tennessee province), ood, Upshur, Harrison, Marion districts (Texas province)"
df3d8cc6ed041545a8814e5eb8d8c2fa,nat-hyd-flo-riv,2003-0231-CAN,CAN,2.0,0.0,170.0,0.0,170.0,"Colchester, Cumberland districts (Nova Scotia/Nouvelle Ecosse province)"
533c16c8e8ed5623b7ae9796aa9116b2,nat-hyd-flo-riv,2003-0334-USA,USA,3.0,0.0,1200.0,0.0,1200.0,"Allen, Carroll, Adams, Cass, Howard, Tipton, Wells, Miami, Boone, Jennings, Clay, Tippecanoe, Huntington, Decatur districts (Indiana province), Allen, Auglaize, Van Wert, Darke, Mercer, Miami districts (Ohio province), Mercer, Shelby, Logan, Hamilton, Winnebago districts (Illinois province)"
57aa7fdca9d0639ee38c4f756a99c1c1,nat-met-sto-tro,2003-0468-USA,USA,16.0,0.0,225000.0,0.0,225000.0,"North Carolina, Maryland, Virginia, West Virginia, Delaware, Pennsylvania, New Jersey, District of Columbia provinces"
61e561e71a36bf45f43c5bfe40b9b9f5,nat-met-sto-tro,2003-0487-CAN,CAN,2.0,0.0,200.0,0.0,200.0,"Nova Scotia, Prince Edward Island provinces"
00733c044008147bae3d7cf50330a416,nat-hyd-flo-riv,2003-0511-CAN,CAN,2.0,0.0,800.0,0.0,800.0,"Squamish, Pemberton, Whistler, Mount Currie cities (Squamish-Lillooet district, Bristish Columbia province), Fraser Valley city (Fraser Valley district, British Columbia province), Capital district (Bristish Columbia province)"
458c005c6b1ed49e2de74ea9755c5028,nat-cli-wil-for,2003-0518-USA,USA,14.0,104.0,27000.0,0.0,27104.0,"Fontana, Rancho Cucamonga areas (San Bernardino district, California province)"
b8e8e837477d429b13040acb8ef372eb,nat-met-sto-sto,2003-0595-USA,USA,8.0,0.0,1125.0,0.0,1125.0,"West Virginia, Tennessee, Kentucky, Pennsylvania, North Carolina, Virginia provinces"
53d0890532e662c689f78242e2bb7e14,nat-geo-ear-gro,2003-0623-USA,USA,2.0,40.0,0.0,120.0,160.0,"Paso Robles, Templeton, Atascadero, Cambria, Morro Bay, Oceano villages (San Luis Obispo district, California province)"
15e2dfc57f57a4206f95e1c003cf91d3,nat-hyd-mmw-mud,2003-0633-USA,USA,15.0,15.0,0.0,0.0,15.0,San Bernardino district (California province)
bd62bf7099a7ea1e69dc25d4f5f93354,nat-met-sto-sto,2003-0741-USA,USA,4.0,18.0,100.0,0.0,118.0,"Morgan, Leslie, Breathitt, Menifee districts (Kentucky province), Wayne, Cabell, Kanawha, Lincoln, Mingo districts (West Virginia province), Dickenson, Tazewell, Wise, Buchanan districts (Virginia province), Alabama, Connecticut, Delaware, Florida, Georgia, Massachusetts, Maryland, North Carolina, New Hampshire, New Jersey, New York, Pennsylvania, Rhode Island, South Carolina, Tennessee, Vermont provinces"
6473e700110abe2e2f83c2949fbf20c1,nat-hyd-flo-riv,2003-0756-USA,USA,3.0,0.0,2000.0,0.0,2000.0,"Tennessee, Alabama, Georgia provinces"
a87a33eba417f9280dc89439e260a53b,nat-met-sto-tro,2003-0782-USA,USA,4.0,4.0,0.0,0.0,4.0,"Orleans, St. John the Baptist, Terrebonne, St. Tammany, Tangipahoa districts (Louisiana province), Hancock, Harrison, Jackson, Pike, Walthall districts (Mississippi province), Bay district (Florida province), Mobile, Baldwin, Lee districts (Alabama province), Sumter, Bulloch, Fulton, DeKalb, Cobb, Clayton, Gwinnett districts (Georgia province), Wake district (North Carolina province)"
972a9b86df0bcbda6390f1698aca0950,nat-cli-wil-for,2003-0786-USA,USA,4.0,40.0,0.0,0.0,40.0,San Bernardino district (California province)
6002cd78e4ac894084a8137f1e36c1f3,nat-met-sto-sto,2003-0827-USA,USA,2.0,54.0,0.0,0.0,54.0,"Beaumont, Port Arthur areas (Jefferson district, Texas province), Sugar Land area (Fort Bend district, Texas province), Smith district (Mississipi province), Dallas, Harris districts (Texas province), Los Angeles district (California province), Alabama, Arkansas, Florida, Georgia, Louisiana, Maryland, Missouri, North Carolina, Oklahoma, South Carolina, Tennesse, Virginia, West Virginia provinces"
c7a249e72c01bcb58190a1d74dfa9323,nat-met-sto-tor,2004-0121-USA,USA,9.0,0.0,1404.0,345.0,1749.0,"Arkansas, Louisiana, North Carolina, Oklahoma, South Carolina, Texas, Virginia, Kansas, Missouri, Mississippi provinces"
53e8f9a69406fc49018e057189c2c0ac,nat-met-sto-hai,2004-0245-USA,USA,5.0,37.0,6000.0,408.0,6445.0,"Morgan, Sangamon, Scott districts (Illinois province), Clark, Floyd, Washington districts (Indiana province), Adair, Appanoose, Benton, Clay, Dallas, Grundy, Humboldt, Jones, Linn, Marshall, Pocahontas, Story, Warren districts (Iowa province), Jackson, Linn, Shawnee, Republic districts (Kansas province), Estill, Fayette, Henderson, Henry, Magoffin, Martin, Powell, Pulaski districts (Kentucky province), Washington district (Maryland province), Sanilac, St. Clair, Tuscola districts (Michigan province), Gentry, Holt, Linn, Livingston, Macon, St. Clair districts (Missouri province), Adams, Cass, Clay, Custer, Franklin, Fillmore, Furnas, Gage, Harlan, Jefferson, Lancaster, Nuckolls, Otoe, Saline, Thayer, Webster, York districts (Nebraska province), Broome, Delaware districts (New York province), Athens, Brown, Fayette, Perry, Ross districts (Ohio province), Caddo, Noble, Osage, Pawnee, Tillman districts (Oklahoma province), Crawford district (Pennsylvania province), Hawkins district (Tennessee province), Nolan, Taylor, Val Verde districts (Texas province), Lancaster, Lee, Loudoun, Scott districts (Virginia province), Berkeley district (West Virginia province), Manitowoc, Dane, Columbia districts (Wisconsin province), North Carolina, South Carolina provinces"
7262561d132bd40f5487bff673aef7af,nat-met-sto-lig,2004-0249-USA,USA,10.0,0.0,1000.0,0.0,1000.0,"Geneva, Jefferson, Lauderdale, Limestone, Madison districts (Alabama province), Cross, Mississippi, Nevada districts (Arkansas province), Crawford, Jefferson, Logan, Perry, Washington districts (Illinois province), Clark, Crawford, Hamilton, Hancock, Hendricks, Jackson, Madison, Marion, Monroe, Morgan, Miami, Owen, Tippecanoe, Vanderburgh, Warrick, Washington districts (Indiana province), Buchanan, Lee, Iowa districts (Iowa province), Cloud, Harper, Marshall, Republic, Sumner districts (Kansas province), Henry, Hopkins, Jefferson, Knox, Muhlenberg, McCracken, Webster districts (Kentucky province), St. Clair district (Michigan province), Tippah district (Mississippi province), Buchanan, Clinton, DeKalb, Daviess, Harrison, Laclede, Platte, St. Louis districts (Missouri province), Holt, Lincoln districts (Nebraska province), Adams district (Ohio province), Blaine, Canadian, Creek, Custer, Kingfisher, Mayes, Oklahoma, Tulsa, Wagoner districts (Oklahoma province), Brown, Edmunds, Clay districts (South Dakota province), Bedford, Bradley, Lincoln, Franklin, Giles, Grundy, Hardin, Moore districts (Tennessee province), Cottle, Houston, Tarrant districts (Texas province), Boone, Braxton, Cabell, Jackson, Kanawha, Lewis, Logan, Mason, Morgan, Mingo, Putnam, Upshur, Wayne, Wood, Wyoming districts (West Virginia province), Louisiana province"
8eb02a5b2d1c1e0af7be18169514a99c,nat-met-sto-lig,2004-0338-USA,USA,4.0,6.0,307.0,0.0,313.0,"Milam, Guadalupe, Bexar districts (Texas province), Eagle district (Colorado province), Mississippi province, Richland district (South Carolina province), Franklinton city (Washington district, Louisiana province), Bufford city (Gwinnett district, Georgia province)"
7778c1f576a51eca021084e8ab7a89b4,nat-met-sto-tro,2004-0415-USA,USA,10.0,0.0,30000.0,0.0,30000.0,"Bay, Calhoun, Escambia, Franklin, Gadsden, Gulf, Holmes, Jackson, Jefferson, Leon, Liberty, Madison, Okaloosa, Santa Rosa, Taylor, Wakulla, Walton, Washington districts (Florida province), South Carolina, North Carolina provinces"
2764ce718cb40a21b0437b221b09cdaf,nat-met-sto-tro,2004-0455-USA,USA,47.0,0.0,5000000.0,0.0,5000000.0,"Martin, Palm Beach districts (Florida province), North Carolina, South Carolina, Ohio provinces"
cfb3095aabecd8576f30fb845fc3222f,nat-met-sto-tro,2004-0473-USA,USA,6.0,0.0,40000.0,0.0,40000.0,Florida province
59ea825a1194707a70e7407face6172f,nat-met-sto-hai,2004-0731-USA,USA,9.0,14.0,0.0,0.0,14.0,"Arkansas, Illinois, Iowa, Indiana, Missouri, Oklahoma provinces"
691d1cd24ee466ba125b3edd587fc4f8,nat-hyd-flo-riv,2005-0015-USA,USA,28.0,8.0,500.0,0.0,508.0,"La Conchita area (Ventura district, California province), Malibu area (Los Angeles district, California province), Sacramento district (California province), Arizona, Ohio provinces"
fc0edaaa7b18ad7adb2dd085267248f5,nat-hyd-flo-riv,2005-0103-USA,USA,9.0,0.0,150.0,0.0,150.0,Los Angeles district (California province)
0236c7553030484c52b27000aae2c375,nat-hyd-flo-riv,2005-0203-USA,USA,2.0,0.0,11000.0,0.0,11000.0,"New Jersey, Pennsylvania, New York, Maine provinces"
2207abd0e2b40a03295078dbea23ff22,nat-met-sto-tro,2005-0467-USA,USA,1833.0,0.0,500000.0,0.0,500000.0,"Mobile, Bayou La Batre, Dauphin Island, Coden areas (Mobile district, Alabama province), New Orleans city (Orleans district, Louisiana province), Slidell area (St. Tammany district, Louisiana province), St. Bernard district (Louisiana province), Biloxi, Gulfport cities (Harrison district, Mississippi province), Pascagoula city (Jackson district, Mississippi province), Waveland, Bay St. Louis cities (Hancock district, Mississippi province), Georgia, Florida provinces"
cbf4f30da5a1eef0e050fe616994286f,nat-met-sto-tro,2005-0547-USA,USA,10.0,0.0,300000.0,0.0,300000.0,"Louisiana, Texas, Mississippi provinces"
53bd9a657e7aae52b45949e38bc7bc59,nat-hyd-flo-riv,2005-0583-USA,USA,11.0,0.0,3000.0,0.0,3000.0,"Keene, Alstead, Stoddard, Unity, Hinsdale, Walpole areas (Cheshire district, New Hampshire), Brattleboro, Guilford areas (Windham district, Vermont province), Pittsfield area (Berkshire district, Massachusetts province), Greenfield area (Franklin district, Massachusetts province), Northbridge, Worcester, Southbridge areas (Worcester district, Massachusetts), Spring Lake area (Monmouth district, New Jersey province), Wayne, Little Falls, Pompton Lakes areas (Passaic district, New Jersey province), Oakland, Lodi, Westwood areas (Bergen district, New Jersey province), Bound Brook area (Somerset district, New Jersey province), Tolland, Windham, Hartford districts (Connecticut province)"
119ffe85f59c1a771908b8266be6a62b,nat-met-sto-tro,2005-0585-USA,USA,4.0,0.0,30000.0,0.0,30000.0,"Florida Keys, Naples areas (Collier district, Florida province)"
67aa275921206de697c40dee5dfe042f,nat-met-ext-hea,2005-0687-USA,USA,33.0,31.0,0.0,0.0,31.0,"Arizona, Nevada, Oklahoma, Utah, Missouri, Kentucky, Ohio, Mississippi provinces"
b71e5ceaa74478a42697b046ed419f63,nat-hyd-flo-riv,2005-0716-USA,USA,3.0,0.0,3600.0,0.0,3600.0,"Reno area (Washoe district, Nevada province), Truckee area (Nevada district, California province), Napa, Sonoma, Mendocino, Marin, Solano, Los Angeles districts (California), Carson City district (Nevada province)"
f1d1fd838d7d51c5e7c22cb31a134ec8,nat-cli-wil-for,2005-0724-USA,USA,5.0,0.0,0.0,1410.0,1410.0,"Texas, Oklahoma provinces"
59796251f79c37c8c70f44a373527b6c,nat-hyd-flo-riv,2005-0728-CAN,CAN,4.0,0.0,5000.0,0.0,5000.0,"Black Diamond, High River, Otokoks, Turner Valley towns (Division No. 6 district, Alberta province), Pincher Creek city (Division No. 3 district, Alberta province), Lethbridge city (Division No. 2 district, Alberta province), Siksika Reserve, Drumheller cities (Division No. 5 district, Alberta province), Red Deer city (Division No. 8 district, Alberta province)"
6b3811396ebc251cd6ba3ff03b8087ab,nat-met-sto-tor,2006-0128-USA,USA,10.0,42.0,0.0,0.0,42.0,"Missouri, Arkansas, Illinois, Indiana, Kansas, Oklahoma provinces"
42649e0a153ebf81f03ffe0157f27ec3,nat-met-sto-hai,2006-0161-USA,USA,28.0,36.0,3600.0,0.0,3636.0,"Tennessee, Illinois, Arkansas, Indiana, Oklahoma, Missouri, Kentucky, Iowa provinces"
6eaa319ec0800ba0e2967ed1adb604f7,nat-met-sto-hai,2006-0171-USA,USA,12.0,160.0,465.0,0.0,625.0,"Sumner, Warren districts (Tennessee province), Alabama, Georgia, Indiana, Kansas, Kentucky, Ohio provinces"
73b6fe362359dd80cb5b5abbb15a7c0c,nat-hyd-flo-riv,2006-0180-USA,USA,1.0,0.0,600.0,0.0,600.0,"Amador, Calaveras, Fresno, Merced, San Joaquin, San Mateo, Stanislau districts (California province)"
a7e13cc6d9cf46e2b50df89688f76455,nat-met-sto-lig,2006-0257-USA,USA,1.0,0.0,600.0,0.0,600.0,"Tarrant, Bexar districts (Texas province)"
d4e88f859caa7c4f9bf411ac2da05f6b,nat-hyd-flo-riv,2006-0260-USA,USA,2.0,0.0,2500.0,0.0,2500.0,"New Hampshire, Maine, Massachusetts provinces"
add2955d86089b2a2447c2e14b82e1af,nat-hyd-flo-riv,2006-0269-CAN,CAN,1.0,0.0,400.0,0.0,400.0,"Grand Forks city (Kootenay Boundary district, British Columbia province), Nelson city (Central Kootenay district, British Columbia province), Penticton city (Okanagan-Similkameen district, British Columbia province)"
51a1544eb1446b4c87dc98cfde26d622,nat-hyd-flo-riv,2006-0341-USA,USA,11.0,0.0,65000.0,0.0,65000.0,"Maryland, Pennsylvania, New York, Delaware, Virginia, New Jersey provinces"
ccd0a85487149aa6727abe86d24ecfce,nat-hyd-flo-riv,2006-0344-USA,USA,2.0,0.0,2400.0,0.0,2400.0,"Huron, Erie, Crawford, Lucas, Sandusky districts (Ohio province)"
b4a3e30c4635d296949525fab62aa012,nat-cli-wil-wil,2006-0374-USA,USA,1.0,17.0,0.0,150.0,167.0,California province
f62df667a88ef9dc59b514c25ebc326c,nat-hyd-flo-riv,2006-0418-USA,USA,1.0,0.0,600.0,0.0,600.0,Lake district (Ohio province)
3448ee7afe70827f63025fb41e1a4bdd,nat-met-sto-tro,2006-0466-USA,USA,6.0,0.0,140.0,0.0,140.0,"South Carolina, North Carolina, Virginia provinces"
32e9ec1b01488719ea815339e40e82d8,nat-hyd-flo-riv,2006-0546-USA,USA,14.0,10.0,1200.0,0.0,1210.0,"Mercer, Jessamine, Franklin, Calloway, Montgomery districts (Kentucky province), Sharp, Clay, Fulton, Randolph, Lawrence districts (Arkansas province), Obion district (Tennessee province), Missouri, Indiana, Illinois provinces"
f61c7997cea9e160ee43f9ae7fbb13f3,nat-cli-wil-lan,2006-0576-USA,USA,4.0,1.0,0.0,102.0,103.0,"Riverside, Palm Springs cities (Riverside district, California province), San Diego district (California province)"
2742d01fbf18e6ee51098f4e318164e6,nat-met-sto-tor,2006-0595-USA,USA,12.0,20.0,0.0,0.0,20.0,"North Carolina, Alabama, Arizona, Arkansas, Louisiana, Maryland, Mississippi, Pennsylvania, South Dakota, Texas provinces"
cfdaa3b89254b0703bc2523ef8d1da0e,nat-hyd-flo-riv,2006-0598-USA,USA,2.0,0.0,1500.0,0.0,1500.0,"Washington, Oregon provinces"
df00352ea983842e8f14c91076c073ef,nat-met-sto-sto,2007-0026-USA,USA,65.0,220.0,0.0,0.0,220.0,"California, Texas, Georgia, South Carolina, Oklahoma, Missouri, Iowa, Michigan, New York, Maine, Kansas, Illinois provinces"
4008a2bb1ce0f7d0e3378f6051c96a63,nat-met-sto-tor,2007-0048-USA,USA,20.0,0.0,6600.0,0.0,6600.0,"Volusia, Lake, Sumter, Seminole districts (Florida province)"
5d85facf84feb89e3e2aba6bf611a44a,nat-met-sto-tor,2007-0083-USA,USA,20.0,20.0,0.0,0.0,20.0,"Alabama, Missouri, Georgia, Minnesota provinces"
5b5e54b26d239e94b53e53f649d087ce,nat-met-sto-tor,2007-0156-USA,USA,10.0,80.0,0.0,200.0,280.0,Texas province
b0d8cb204a10af50f66a00ed43807085,nat-hyd-flo-riv,2007-0173-USA,USA,8.0,0.0,100.0,0.0,100.0,"Texas, Kansas, Oklahoma provinces"
b3074efb5023267f6952e5aecec4b8c6,nat-hyd-flo-riv,2007-0244-USA,USA,8.0,0.0,5000.0,0.0,5000.0,"Wichita Falls area (Wichita district, Texas province), Georgetown areas (Williamson district, Texas province), Burnet, Marble Falls, Granite Shoals areas (Burnet district, Texas province), Granbury area (Hood district, Texas province), Lampasas, Parker, Eastland districts (Texas province), Miami, Commerce areas (Ottawa district, Oklahoma province), Shawnee, Tecumseh, Maud areas (Pottawatomie district, Oklahoma province), Oklahoma city (Oklahoma district, Oklahoma province), Waurika area (Jefferson district, Oklahoma province), Bartlesville, Dewey areas (Washington district, Oklahoma province), Love, Lincoln districts (Oklahoma province), Coffeyville area (Montgomery district, Kansas province), Osawatomie area (Miami district, Kansas province), Allen, Labette, Neosho, Wilson, Woodson districts (Kansas province), Rockville, Papinville areas (Bates district, Missouri province), Vernon district (Missouri province)"
010d7b76b69ebcfedd3d7bd845872f73,nat-hyd-flo-fla,2007-0251-USA,USA,4.0,0.0,120.0,0.0,120.0,New York province
96781c9aa0fa886c7911fdfb065e1655,nat-hyd-flo-riv,2007-0254-USA,USA,10.0,0.0,750.0,0.0,750.0,"North Texas, Oklahoma provinces"
def7ab912fefada57dba7faaf63724db,nat-hyd-flo-riv,2007-0383-USA,USA,26.0,40.0,2800.0,0.0,2840.0,"Illinois, Colorado, Michigan, Minnesota, Wisconsin, Ohio, Oklahoma, North Dakota provinces"
59d0559f78d93043b54ac9d0a9cfa75f,nat-cli-wil-lan,2007-0519-USA,USA,8.0,64.0,640000.0,0.0,640064.0,"Los Angeles, Orange, Riverside, San Bernardino, San Diego, Santa Barbara, Ventura districts (California province)"
f7e8dec458bf334683ea4b1eb494e455,nat-met-sto-sto,2007-0581-USA,USA,17.0,28.0,1100.0,0.0,1128.0,"Washington, Oregon provinces"
d54c9611f4e90c34bd73d16667c02379,nat-met-sto-sto,2007-0641-USA,USA,24.0,2.0,0.0,0.0,2.0,"Oklahoma, Missouri, Iowa, Illinois, Kansas, Nebraska, Connecticut, Michigan, New York, New Jersey, Pennsylvania, Rhode Island provinces"
5dbc95d81649d22180112622de7231ab,nat-met-sto-tor,2007-0662-USA,USA,12.0,40.0,0.0,0.0,40.0,"Colorado, Iowa, Kansas, Minnesota, Missouri, Nebraska, Oklahoma, South Dakota provinces"
513dc1ee3f1746d920e7d4f0fe4a1388,nat-met-sto-sto,2007-0689-USA,USA,4.0,27.0,0.0,0.0,27.0,"Arkansas, Iowa, Texas"
54c82978bf99035807bad015e6686afb,nat-hyd-flo-riv,2008-0010-USA,USA,2.0,0.0,1500.0,0.0,1500.0,"California, Nevada, Oregon provinces"
5a6b032099bec89c31d33db0daa39c82,nat-met-sto-tor,2008-0039-USA,USA,59.0,150.0,0.0,0.0,150.0,"Tennessee, Arkansas, Kentucky, Mississippi, Alabama, Indiana, Texas, Illinois, Ohio, Missouri provinces"
717b65aa303291e2e6c2389a15276114,nat-met-sto-tor,2008-0115-USA,USA,2.0,27.0,150.0,0.0,177.0,"Fulton, DeKalb, Cobb, Clayton, Gwinnett districts (Georgia province)"
7da9b938aa0cdffb77e889404987aa6f,nat-hyd-flo-riv,2008-0131-USA,USA,18.0,0.0,1000.0,0.0,1000.0,"Missouri, Mississippi, Arkansas, Indiana, Illinois, Ohio, Kentucky, Oklahoma, Iowa, Wisconsin, Texas provinces"
c78cfa8db331d1b63a89a61cfd9090d0,nat-met-sto-tor,2008-0194-USA,USA,22.0,150.0,0.0,0.0,150.0,"Kansas, Maryland, Missouri, North Carolina, Virginia, Texas, Oklahoma, Georgia, Arkansas provinces"
c234e4082fcc2c7f07d8a8692d123520,nat-met-sto-tor,2008-0210-USA,USA,7.0,70.0,0.0,0.0,70.0,"Dunkerton city (Black Hawk district, Iowa province), Parkesburg, New Hartford cities (Butler district, Iowa province), Cedar Rapids city (Linn district, Iowa province), Minnesota, Indiana, Illinois, Kansas, Michigan, Montana, Missouri, Nebraska, Wisconsin provinces"
96b130cfff5bb3b68befd255a99240d4,nat-cli-wil-for,2008-0253-USA,USA,1.0,0.0,0.0,300.0,300.0,California province
5338a235135878436375a757caec7cef,nat-met-sto-tro,2008-0338-USA,USA,12.0,0.0,400.0,0.0,400.0,"Florida, Georgia, Alabama, Mississippi provinces"
1cd57e48149b40940dadc2f1009c9e07,nat-met-sto-tro,2008-0352-USA,USA,43.0,0.0,2100000.0,0.0,2100000.0,"Louisiana, Mississippi, Texas, Alabama provinces"
9b79637463663f5136488f42d60b429d,nat-met-sto-tro,2008-0384-USA,USA,82.0,0.0,200000.0,0.0,200000.0,"Galveston, Brazoria, Harris, Chambers, Jefferson districts (Texas province), Louisiana, Tennessee, Arkansas, Ohio, Indiana, Illinois, Missouri, Kentucky, Pennsylvania, Michigan provinces"
a5c3f0f6abf63b502e2618b0a12a37dd,nat-hyd-flo-riv,2008-0627-USA,USA,24.0,148.0,11000000.0,0.0,11000148.0,"Illinois, Iowa, Kansas, Michigan, Minnesota, Missouri, Nebraska, Wisconsin provinces"
c5a4bca02c92592fc0c02d074c937d17,nat-hyd-flo-riv,2009-0106-USA,USA,2.0,60.0,5000.0,0.0,5060.0,"North Dakota, Minnesota provinces"
0762f4addf3b5b4627d4f1c1426d48db,nat-met-sto-tor,2009-0140-USA,USA,9.0,72.0,750.0,0.0,822.0,"Texas, Oklahoma, Arkansas, Alabama, Georgia, Kentucky, Louisiana, Missouri, South Carolina, Tennessee provinces"
edf3428d95b1d90d43a3b8552ba14fae,nat-met-sto-tor,2009-0287-USA,USA,16.0,50.0,0.0,0.0,50.0,"Ohio, Oklahoma, Kentucky, Texas, Tennessee, Pennsylvania, West Virginia, Maryland, Washington provinces"
3fcccbd417160ebb6f538e92ab1cc679,nat-met-sto-tro,2009-0342-USA,USA,3.0,9.0,0.0,0.0,9.0,Maine province
caabe23780e8300c630320c28da45aab,nat-cli-wil-lan,2009-0349-USA,USA,2.0,0.0,0.0,192.0,192.0,"Los Angeles, Monterey districts (California province)"
549c711471baf3147c39c4bff158a967,nat-hyd-flo-riv,2009-0405-USA,USA,9.0,0.0,3000.0,0.0,3000.0,"Douglas, Floyd, Carroll, Fulton, DeKalb, Cobb, Clayton, Gwinnett districts (Georgia province), Alabama, North Carolina,Tennessee provinces"
a77a85725019517e71a28a14213cb4ae,nat-met-sto-tor,2009-0601-USA,USA,1.0,2.0,0.0,0.0,2.0,"Texas, Nebraska, Oklahoma, Kansas, North Carolina, Alabama, Missouri, Arkansas, Pennsylvania, Tennessee, Mississippi, South Carolina, Kentucky provinces"
9b1a3dab2671ee21d6dae6b2e9950072,nat-met-sto-lig,2009-0644-USA,USA,6.0,25.0,0.0,0.0,25.0,"Texas, Missouri, Louisiana provinces"
841b84d0670be45a234c791d290e0ec1,nat-met-sto-tor,2010-0163-USA,USA,12.0,70.0,2700.0,0.0,2770.0,"Yazoo district (Mississippi province), Alabama, Louisiana, Arkansas, Georgia, Tennessee provinces"
047376e7a14fcf43f630f45bf9cab986,nat-met-sto-sev,2010-0187-USA,USA,30.0,0.0,8000.0,0.0,8000.0,"Alabama, Arkansas, Mississippi, Kentucky, Tennessee provinces"
dbd261874f49c30c05de4480ef477436,nat-met-sto-tor,2010-0196-USA,USA,5.0,58.0,0.0,0.0,58.0,Oklahoma province
81a3b07afd8e18f065ad7163bae18aea,nat-met-sto-tor,2010-0663-USA,USA,8.0,13.0,0.0,0.0,13.0,"Arkansas, Missouri, Illinois provinces"
e949e89534572b4b85555cd2393d74e7,nat-met-sto-lig,2010-0689-USA,USA,20.0,100.0,0.0,0.0,100.0,"Illinois, Indiana, Iowa, Kansas, Michigan, Minnesota, Missouri, Montana, Nebraska provinces"
aea0f6042759963dbf9392eb271e98aa,nat-hyd-flo-riv,2011-0131-CAN,CAN,5.0,0.0,2000.0,0.0,2000.0,"Manitoba, Saskatchewan, Quebec, Alberta provinces"
d37c20556a659c997057a38658f88e4a,nat-met-sto-tor,2011-0134-USA,USA,46.0,43.0,0.0,0.0,43.0,"Mississippi, Alabama, Oklahoma, Texas, North Carolina, Kansas provinces"
f014aae1d42ab46c6021e25e2c7654a6,nat-cli-wil-lan,2011-0140-USA,USA,2.0,5.0,0.0,1300.0,1305.0,Texas province
76a1974b95ca4a4fa10c417159f253ec,nat-met-sto-tor,2011-0145-USA,USA,354.0,2200.0,0.0,15000.0,17200.0,"Alabama, Arkansas, Kentucky, Mississippi, Missouri, Tennessee, Oklahoma provinces"
a4da5c9663ee3cbf24af4096e523fed7,nat-hyd-flo-riv,2011-0166-USA,USA,1.0,0.0,25000.0,0.0,25000.0,"Illinois, Missouri, Kentucky, Tennessee, Mississppi provinces"
edf9aa7139b0682f793113920412d311,nat-met-sto-tor,2011-0172-USA,USA,176.0,1150.0,0.0,0.0,1150.0,"Jasper, Newton districts (Missouri province)"
07174c765b7c698cde24e904b6e15103,nat-met-sto-tor,2011-0195-USA,USA,3.0,200.0,0.0,0.0,200.0,"Illinois, Massachusetts, Michigan, Minnesota, North Dakota provinces"
60dc6330b384a27a7f45fc02169a3e4b,nat-met-sto-tor,2011-0323-CAN,CAN,1.0,20.0,0.0,0.0,20.0,"Goderich town (Huron district, Ontario province)"
b61f2a1e1bee4a92e82f151ea3528871,nat-met-sto-tro,2011-0328-USA,USA,46.0,0.0,370000.0,0.0,370000.0,"New York, New Jersey, Pennsylvania, North Carolina, Virginia, Maryland, District of Columbia, Connecticut, Florida provinces"
16c0ed1545c375a9d14415a5dec168c8,nat-cli-wil-for,2011-0349-USA,USA,4.0,0.0,0.0,4800.0,4800.0,Bastrop district (Texas province)
0235c085499ec7bf8e2b625bc9ba2228,nat-hyd-flo-riv,2011-0425-USA,USA,2.0,0.0,100.0,0.0,100.0,"Charlotte town (Mecklenburg district, North Carolina province)"
d0929e43ad73a0c93bba62a45d6fce91,nat-met-sto-tro,2011-0456-USA,USA,15.0,0.0,600.0,0.0,600.0,"Louisiana, Mississippi, Alabama, Texas, New York, Pennsylvania, District of Columbia, Georgia, Maryland, Tennessee, Virginia provinces"
61dca09a0474c4ef2d8ce7569fd5a695,nat-cli-wil-for,2011-0630-CAN,CAN,1.0,0.0,0.0,7000.0,7000.0,"Slave Lake area (Division No. 17 district, Alberta province)"
f2deb6896dbd0891b50a5bdf641543e8,nat-hyd-flo-riv,2011-0646-USA,USA,5.0,0.0,0.0,11000.0,11000.0,"Montana, North Dakota, South Dakota, Iowa, Missouri provinces"
9329d05b15c8416168902d065f9459a6,nat-met-sto-tor,2012-0010-USA,USA,2.0,100.0,0.0,0.0,100.0,"Jefferson, Chilton districts (Alabama province)"
a4109711ab602392b72da56cb83a994f,nat-met-sto-tor,2012-0055-USA,USA,14.0,200.0,0.0,0.0,200.0,"Nebraska, Kansas, Missouri, Illinois, Indiana, Kentucky provinces"
bb67908bc727c4cbd5e54d6aa3786160,nat-met-sto-tor,2012-0060-USA,USA,41.0,400.0,0.0,0.0,400.0,"Alabama, Tennessee, Illinois, Kentucky, Indiana, Ohio, Georgia, Florida, Mississippi, North Carolina, Virginia provinces"
511887b00ab316512bd49ca15cea22d9,nat-met-sto-tor,2012-0156-USA,USA,6.0,30.0,0.0,267.0,297.0,"Oklahoma, Kansas, Iowa, Nebraska, South Dakota, Minnesota provinces"
d9e7757af50f212e9df58cd7025505a3,nat-met-sto-tro,2012-0176-USA,USA,9.0,1.0,17000.0,0.0,17001.0,"Bay, Calhoun, Escambia, Franklin, Gadsden, Gulf, Holmes, Jackson, Jefferson, Leon, Liberty, Madison, Okaloosa, Santa Rosa, Taylor, Wakulla, Walton, Washington, Brevard, Citrus, Hardee, Hernando, Hillsborough, Indian River, Lake, Manatee, Marion, Orange, Osceola, Pasco, Pinellas, Polk, Seminole, Sumter, Volusia districts"
8327ddf02080975f2b9d482404aebfdb,nat-hyd-flo-riv,2012-0177-USA,USA,2.0,0.0,300.0,0.0,300.0,"Bay, Calhoun, Escambia, Franklin, Gadsden, Gulf, Holmes, Jackson, Jefferson, Leon, Liberty, Madison, Okaloosa, Santa Rosa, Taylor, Wakulla, Walton, Washington districts (Florida province), Alabama, Mississippi, Louisiana provinces"
2124ab8281a730644f634b2b53665d53,nat-cli-wil-wil,2012-0232-USA,USA,2.0,0.0,0.0,1038.0,1038.0,"Colorado Springs city (El Paso district, Colorado province)"
4207a95d359d253152bda12de71b29cf,nat-met-sto-tro,2012-0313-USA,USA,1.0,0.0,60000.0,0.0,60000.0,"Mississippi, Louisiana provinces"
50061edefafa01c43e9cc984fa88c632,nat-cli-wil-wil,2012-0542-USA,USA,1.0,0.0,1809.0,0.0,1809.0,"Cleveland, Creek, Oklahoma, Payne districts (Oklahoma province)"
778231b184dbf375d29c35b7077bf240,nat-met-sto-sev,2012-0601-USA,USA,1.0,100.0,0.0,0.0,100.0,"Missouri, Illinois, Kentucky, Texas, Indiana provinces"
7d76c2f3069c5d19998a80e3b8eb1349,nat-met-sto-bli,2012-0611-USA,USA,3.0,1.0,0.0,0.0,1.0,"Oregon, Washington provinces"
b3b90f12f647ce60bd3f896f31115244,nat-met-sto-tor,2013-0013-USA,USA,3.0,18.0,1089.0,0.0,1107.0,"Alabama, Arkansas, Delaware, Florida, Georgia, Kentucky, Louisiana, Maryland, Mississippi, North Carolina, South Carolina, Tennessee, Virginia, West Virginia, Illinois, Indiana, Iowa, Kansas, Michigan, Minnesota, Missouri, Nebraska, North Dakota, Ohio, South Dakota, Wisconsin, Colorado, Kansas, Montana, New Mexico, Oklahoma, Texas, Wyoming provinces"
6fb5b0320b2429dfe75611f3046ef031,nat-met-sto-bli,2013-0055-USA,USA,1.0,82.0,4800.0,0.0,4882.0,"South Dakota, North Dakota, Nebraska, Minnesota, Alabama, Illinois, Indiana, Iowa, Kansas, Michigan, Minnesota, Missouri, Nebraska, North Dakota, Ohio, South Dakota, Wisconsin, Alabama, Arkansas, Delaware, Florida, Georgia, Kentucky, Louisiana, Maryland, Mississippi, North Carolina, South Carolina, Tennessee, Virginia, West Virginia provinces"
b79442bdfe58a2bc87fe867eddac49a5,nat-met-sto-tor,2013-0142-USA,USA,29.0,450.0,0.0,0.0,450.0,"Maine, New Hampshire, Vermont, Massachusetts, Rhode Island, Connecticut, Colorado, Kansas, Montana, Nebraska, New Mexico, North Dakota, Oklahoma, South Dakota, Texas, Wyoming, Illinois, Indiana, Iowa, Kansas, Michigan, Minnesota, Missouri, Nebraska, North Dakota, Ohio, South Dakota, Wisconsin, Alabama, Arkansas, Delaware, Florida, Georgia, Kentucky, Louisiana, Maryland, Mississippi, North Carolina, South Carolina, Tennessee, Virginia, West Virginia, New York, New Jersey, Pennsylvania provinces"
684be4d285eef07011fdfc13df9ba3f7,nat-met-sto-tor,2013-0183-USA,USA,6.0,100.0,0.0,600.0,700.0,"Colorado, Kansas, Montana, Nebraska, New Mexico, North Dakota, Oklahoma, South Dakota, Texas, Wyoming, Alabama, Arkansas, Delaware, Florida, Georgia, Kentucky, Louisiana, Maryland, Mississippi, North Carolina, South Carolina, Tennessee, Virginia, West Virginia provinces"
2ecf55a80bc5339b3a4eb66ac74edd6f,nat-met-sto-tor,2013-0184-USA,USA,27.0,150.0,170000.0,0.0,170150.0,"Colorado, Kansas, Montana, Nebraska, New Mexico, North Dakota, Oklahoma, South Dakota, Texas, Wyoming, Illinois, Indiana, Iowa, Kansas, Michigan, Minnesota, Missouri, Nebraska, North Dakota, Ohio, South Dakota, Wisconsin, Maine, New Hampshire, Vermont, Massachusetts, Rhode Island, Connecticut, New York, New Jersey, Pennsylvania provinces"
90007a2888e7407aa88e4aac1721ca17,nat-hyd-flo-riv,2013-0190-CAN,CAN,4.0,0.0,100000.0,0.0,100000.0,"Calgary city (Division No. 6 district, Southern Alberta province)"
17c2bdfa74dae559507802997fe3a8e7,nat-cli-wil-for,2013-0210-USA,USA,2.0,0.0,84.0,1533.0,1617.0,"Black Forest area (El Paso district, Colorado province)"
36d234c5ae2f5e04e86cba7bbd50fc19,nat-cli-wil-for,2013-0212-USA,USA,19.0,0.0,0.0,387.0,387.0,"Yarnell area (Yavapai district, Arizona province)"
97100c88389ab47537d30284df028994,nat-hyd-flo-riv,2013-0254-USA,USA,2.0,0.0,1425.0,0.0,1425.0,"Cleveland, Lincoln, Catawba districts (North Carolina province), Pennsylvania province"
f68b8795e4e5ea23cbfecad3d28132a4,nat-hyd-flo-riv,2013-0277-USA,USA,3.0,0.0,6000.0,0.0,6000.0,"Missouri, Kansas, Tennessee, Arkansas, Oklahoma provinces"
c7fcf25f333eaba05ee99d602fd69402,nat-hyd-flo-riv,2013-0286-USA,USA,3.0,0.0,300.0,0.0,300.0,"San Antonio town (Bexar district, Texas province)"
cb1a7c73e398471b6f8820f14e183fc6,nat-hyd-flo-riv,2013-0291-USA,USA,5.0,0.0,300.0,0.0,300.0,"Iowa, Michigan, Minnesota, Wisconsin provinces"
ce1d217199cd5ae515758a9e4c07e581,nat-hyd-flo-riv,2013-0354-USA,USA,9.0,0.0,16500.0,5400.0,21900.0,"Lafayette, Lyons, Longmont towns (Boulder district, Colorado province), Larimer, El Paso, Broomfield districts (Colorado province), New Mexico province"
54a7bda90766f22f96e597190a53b2e1,nat-cli-wil-wil,2013-0404-USA,USA,1.0,6.0,15.0,204.0,225.0,Shasta district (California province)
9f63a7525fd8d2fdc7cb9aef54feafa2,nat-met-sto-tor,2013-0439-USA,USA,11.0,185.0,0.0,0.0,185.0,"Illinois, Indiana, Kentucky, Ohio, Michigan, Wisconsin, Missouri provinces"
0edf28661736743c8a1e8a58c8afb520,nat-hyd-flo-riv,2013-0510-USA,USA,4.0,0.0,4800.0,0.0,4800.0,Austin district (Texas province)
27bf83a32478721a94b1c300b077183e,nat-hyd-mmw-lan,2014-0095-USA,USA,43.0,0.0,0.0,150.0,150.0,"Oso village (Snohomish district, Washington province)"
1924274af92777d57ec71f19cb83a551,nat-met-sto-sev,2014-0126-USA,USA,40.0,15.0,0.0,0.0,15.0,"Colorado, Kansas, Montana, Nebraska, New Mexico, North Dakota, Oklahoma, South Dakota, Texas, Wyoming, Mississippi, Alabama, Arkansas, Delaware, Florida, Georgia, Kentucky, Louisiana, Maryland, Mississippi, North Carolina, South Carolina, Tennessee, Virginia, West Virginia, Illinois, Indiana, Iowa, Kansas, Michigan, Minnesota, Missouri, Nebraska, North Dakota, Ohio, South Dakota, Wisconsin, Florida, Alabama, New York, New Jersey, Pennsylvania provinces"
433d35dbd6f7401e04280d5ceed1b640,nat-cli-wil-for,2014-0165-USA,USA,2.0,0.0,429.0,0.0,429.0,"Hutchinson district (Texas province), San Diego district (California province)"
b2ce4840f065088992f1db623e92aed0,nat-met-sto-tro,2014-0310-USA,USA,1.0,0.0,834.0,0.0,834.0,Hawaii province
4c76000edf627d0561b10f93dc539662,nat-hyd-flo-riv,2014-0317-USA,USA,2.0,0.0,102000.0,0.0,102000.0,"Illinois, Indiana, Iowa, Kansas, Michigan, Minnesota, Missouri, Nebraska, North Dakota, Ohio, South Dakota, Wisconsin, Maine, New Hampshire, Vermont, Massachusetts, Rhode Island, Connecticut, New York, New Jersey, Pennsylvanie, Maryland provinces"
4138b201f852c97feaa20ebc35074e8e,nat-geo-ear-gro,2014-0318-USA,USA,1.0,250.0,3000.0,0.0,3250.0,"San Francisco Bay (San Francisco district) , Napa Valley (Napa district) ; Sonoma, Solano district (California province) ; Vallejo, Mare Island cities (Solano district, California province)"
af2ffc432c6ccc2e37e6646a6a8ba31a,nat-met-sto-bli,2014-0482-USA,USA,3.0,0.0,0.0,30.0,30.0,"Los Angeles, San Diego districts (California province), Oregon province"
f8fc3d57f44f5f21688f27e60a91ff2e,nat-met-sto-lig,2014-0540-USA,USA,2.0,36.0,0.0,0.0,36.0,"Blair area (Washington district, Nebraska province), Iowa, Kansas, Arkansas, Wyoming provinces"
d8465188b55bd580d537ba772fd3ef82,nat-met-sto-tor,2015-0123-USA,USA,1.0,12.0,3300.0,0.0,3312.0,"Moore area (Cleveland district, Oklahoma province), Osage, Tulsa districts (Oklahoma province), Kansas, Missouri, Arkansas provinces"
c1cdc7cdac590cdc7b65629b79a7b04d,nat-met-sto-tor,2015-0138-USA,USA,3.0,12.0,0.0,0.0,12.0,"Fairdale area (DeKalb district, Illinois province), Rochelle town (Ogle district, Illinois province), Missouri, North Carolina, Indiana, Ohio, Kentucky, Texas, Iowa, Arkansas, Michigan, West Virginia, Wisconsin, Pennsylvania, Oklahoma, Kansas, Tennessee provinces"
475a11bd3d3a0d2992559fbb37083de9,nat-met-sto-tor,2015-0155-USA,USA,4.0,12.0,0.0,0.0,12.0,"Texas, Louisiana, Alabama, Mississippi, Kentucky, Georgia, Florida provinces"
9f11493b179ca834736b913e1eb94363,nat-met-sto-tor,2015-0180-USA,USA,1.0,40.0,0.0,0.0,40.0,"Kansas, Nebraska, Texas, Oklahoma, Minnesota, Iowa, Wisconsin provinces"
4efc61fbca5179613750fa8caf57994d,nat-hyd-flo-fla,2015-0186-USA,USA,16.0,0.0,12000.0,0.0,12000.0,"San Marcos area (Hays district, Texas province), Claremore area (Hays district, Oklahoma province)"
2fffe87a4260ee3c850942e107dae5bf,nat-hyd-flo-fla,2015-0212-USA,USA,32.0,0.0,12000.0,0.0,12000.0,"Texas, Oklahoma, Colorado, Arkansas, Kansas, Louisiana, Georgia, Ohio, South Carolina"
8dda9a46d2d17e271ae9c9388f088c78,nat-cli-wil-wil,2015-0312-USA,USA,1.0,0.0,0.0,129.0,129.0,"Lake, Napa, Solano, Yolo, Modoc, Colusa districts (California province)"
e740ae8ab0030e865a2ce76ce71b894b,nat-met-sto-sev,2015-0400-USA,USA,4.0,40.0,0.0,0.0,40.0,"Chicago, Lincolnwood towns (Cook district, Illinois province), Wood Dale town (DuPage district, Illinois province), Lancaster town (Coos district, New Hampshire province), Indiana, Ohio, Connecticut, Michigan, Massachusetts, Wisconsin, Rhode Island, Maine, New York provinces"
c592e3669c174e02ffb7e5daa510233b,nat-cli-wil-wil,2015-0401-USA,USA,4.0,8.0,600.0,3900.0,4508.0,"California, Idaho, Montana, Oregon, Washington provinces"
291538bc335d2f522603e8a6d9c2a056,nat-cli-wil-lan,2015-0421-USA,USA,4.0,0.0,0.0,7302.0,7302.0,"Lake, Napa, Sonoma, Butte districts (California province)"
4d2b5da126a94a0e640736e65c2e2423,nat-met-sto-tro,2015-0459-USA,USA,25.0,0.0,800.0,0.0,800.0,"South Carolina, North Carolina"
df3630cb5ab8488bce13bce2ecb439b4,nat-met-sto-bli,2015-0531-USA,USA,18.0,0.0,300.0,0.0,300.0,"Texas, Kansas, Oklahoma provinces"
0230c7c34fff82f6bddeeacc0f229f89,nat-met-sto-tor,2015-0558-USA,USA,50.0,60.0,0.0,0.0,60.0,"Dallas, Ellis, Collin districts (Texas province), Mississippi, Tennessee, Arkansas, Alabama, Georgia, New Mexico, Missouri, Kentucky, Indiana, Oklahoma, Illinois provinces"
b144a0dabd0a26e65509a0c992552b3e,nat-hyd-flo-flo,2015-0565-USA,USA,31.0,50.0,4000.0,0.0,4050.0,"Mississippi, Missouri, Kentucky, Tennessee, Arkansas, Alabama, Illinois, Indiana, Louisiana provinces"
356ae48cdc6033c05b85ac981ae46611,nat-cli-wil-lan,2015-0613-USA,USA,3.0,0.0,0.0,1425.0,1425.0,"Amador, Calaveras (California)"
25fd72534368b3ba7457f54364ed5908,nat-met-sto-bli,2016-0010-USA,USA,50.0,12.0,85000000.0,0.0,85000012.0,"Washington D.C. (District of Columbia district, District of Columbia province), New York, New Jersey, Pennsylvania, Maryland, Virginia, Tennessee, Kentucky, Delaware, West Virginia, Georgia, North Carolina provinces"
19a726817dc1e6d583ad8453d61bcc2f,nat-met-sto-bli,2016-0051-USA,USA,10.0,12.0,0.0,0.0,12.0,"Alabama, Mississippi, Virginia, Connecticut, Florida, Georgia, Louisiana, Massachusetts, Maryland, North Carolina, New Jersey, New York, Pennsylvania, South Carolina, Texas"
0e85852e4d3ed9b5ebb89124eb682bc2,nat-met-sto-lig,2016-0123-USA,USA,1.0,0.0,3000.0,0.0,3000.0,"Dallas-Fort Worth (Dallas, Wise, Tarrant, Denton, Parker), Wylie, Plano, Little Elm, Rockwall, Bettie, Emory in Collin, Denton, Upshur, Rockwall, Rains, San Antonio metro regions, Helotes, Alamo Heights, Kirby, Hollywood Park, Carrizo Springs, Terrel Hills (Bexar, Dimmit) (Texas), Oklahoma, Kansas, Missouri, Arkansas, Mississippi, Louisiana"
6fd952fdfaaa50035a79fdaad116bc18,nat-hyd-flo-fla,2016-0124-USA,USA,9.0,0.0,21000.0,0.0,21000.0,"Fayette, Grimes, Harris, Parker counties, Houston districts (Texas province)"
13eb40861d1eca800b09f79864ac84ea,nat-met-sto-tor,2016-0150-USA,USA,2.0,10.0,0.0,0.0,10.0,"Oklahoma, Colorado, Nebraska, Kansas, Iowa, Missouri, Arkansas, Illinois, Kentucky, Texas,Tennessee states"
540fd5061d78444eb905a0e47e322fd4,nat-met-sto-hai,2016-0181-USA,USA,9.0,12.0,0.0,0.0,12.0,"Houston district (Texas province), Brenham city (Washington district, Texas province); Montana, Kansas, Missouri, Colorado"
d2a65d3e22caebb3b41ffb97ba58dc09,nat-met-sto-sto,2016-0203-USA,USA,25.0,0.0,2000.0,0.0,2000.0,"Greenbier district (West Virginia province); Ohio, Indiana, Illinois, Wisconsin, Virginia"
925c16a7fbc32c5f445e7332643a9581,nat-cli-wil-for,2016-0264-USA,USA,2.0,0.0,420.0,0.0,420.0,"Los Angeles, San Francisco districts (California province)"
a644825b478d1989e5c80a1c3e3fc40e,nat-hyd-flo-flo,2016-0292-USA,USA,13.0,0.0,70000.0,0.0,70000.0,"Louisiana, Mississippi, Missouri, Illinois, Indiana; Allamakee, Clayton, Fayette, Howard, Winneshiek counties (Iowa)"
f983c08a6a3be1caadca3477b4e8baeb,nat-met-sto-tro,2016-0322-USA,USA,3.0,0.0,13500.0,570.0,14070.0,"Georgia, Florida, South Carolina, New York, New Jersey; Cedar Key, Florida, Aurora (North Carolina); Virginia Tidewater region"
a2229c963c674d7f5ec97384fd951f14,nat-met-sto-bli,2016-0477-USA,USA,8.0,33.0,0.0,0.0,33.0,"Alabama, Mississippi, Tennessee, Georgia, South Carolina, Louisiana, North Carolina provinces"
7085dfd45915391ccf86586862f8a69a,nat-met-sto-lig,2016-0550-USA,USA,6.0,19.0,0.0,0.0,19.0,"Texas, Oklahoma, Kansas, Missouri, Nebraska, Illinois, Indiana, Kentucky, Ohio"
ef7d90d8e476c3dcb7e82823c0fa4f0d,nat-met-sto-sev,2017-0022-USA,USA,24.0,200.0,0.0,0.0,200.0,"Georgia (cook), Mississippi, Alabama, Louisiana, Florida states"
bd614c758a99485511c162f2395c920a,nat-met-sto-sto,2017-0062-USA,USA,5.0,0.0,200000.0,0.0,200000.0,"Center and south of California (San Diego, Los Angeles, San Francisco, Sacramento)"
b311bbef7bd6e4d1e9135b5d0cbd8f23,nat-met-sto-tor,2017-0070-USA,USA,4.0,12.0,600.0,0.0,612.0,"Illinois, Missouri, Indiana, Arkansas, Kentucky, Tennessee, Ohio , Georgia, Iowa, North Carolina, Virginia, Alabama, South Carolina, West Virginia, Michigan states"
6e21ac2d03806ef42e57ba151076b423,nat-met-sto-bli,2017-0108-USA,USA,11.0,12.0,0.0,0.0,12.0,"South Carolina, Georgia, North Carolina, Tennessee, Alabama, Mssissippi, Florida, Kentucky , Virginia"
027d94c81aef10eba7cb57e9e94ba8ba,nat-hyd-flo-flo,2017-0126-CAN,CAN,2.0,0.0,16113.0,0.0,16113.0,"Ottawa (Cumberland, Constance Bay,Fitzroy Harbour, Dunrobin, Britannia, West Carleton-March, MacLarens Landing), Champlain Township (Prescott and Russell), Lanark (Ontario); Montreal, Gatineau, Laval (Quebec); Thompson Nicola (Cache Creek, Lower Nicola Indian Band) Columbia Shushwap (Tappen), Central Okanagan (Kelowna, West Kelowna, Lake country, Fintry Delta),North Okanogan (Lumby), Okanagan Similkameen (Garnett Valley,Summerland), Kootenay Boundary (Grand Forks) (British Colombia); Canadian Maritimes; York, Sunburry (Fredericton, Maugerville), Queens (Jemseg) (New Brunswick) ; Cape Breton Island (Nova Scotia)"
780221095d38683df151ddb5bdb452c2,nat-hyd-flo-flo,2017-0136-USA,USA,20.0,70.0,0.0,0.0,70.0,"East and West Canton (Van Zandt county) (Texas); Kampville (St Charles) (Missouri); Logan, Marion, Miles Station (Macoupin), Sumner (Lawrence), Pawnee (Sangamon) (Illinois); Natural Dam (Crawford), Mississipi, Clay (Arkansas); Oak ridge (Morehouse) (Louisiana) ; Labette (Kansas); Cameron (Le Flore) (Oklahoma); Goshen (Oldham) (Kentucky) ; Ohio; Pennsylvania; West Virginia ; Mississipi ; Alabama ; Tennesse ; Indiana"
cac713df7984523d4e74ce684c48c5e2,nat-met-sto-lig,2017-0234-USA,USA,2.0,16.0,90.0,0.0,106.0,"Colorado, Kansas, Illinois, Indiana, Texas (Gregg County, Tenneryville, Easton, Longview City), Oklahoma (Okfuskee), Missouri (Bates, Carthage, Laclede, Pulaski, Phelps, Dent, Texas Counties, Crawfordsville, Phillipsburg, Edgar Springs, Salem, Evening Shade, Palace, Big Piney), Arkansas, Ohio, Kentucky, Tennessee (Millington, Memphis, Knoxville), Virginia, Louisiana (Natchitoches, DeSoto, Caddo, Caldwell, Franklin, LaSalle, Winn, Rapides, Catahoula, Concordia Parishes, Goldonna), North Dakota, South Dakota, Minnesota, Iowa, Ohio, Pennsylvania, New York, North Carolina (Sampson County, Salemburg, Clinton), South Carolina, Georgia, New Mexico"
5caa65f0254ebb50989cbce2b5e31026,nat-met-sto-tro,2017-0362-USA,USA,88.0,24.0,555000.0,27000.0,582024.0,"Eastern Texas (Rockport, Corpus Chrsti, Port Lavaca, Cypress area of Houston, Houston metro area, Beaumont, Port Arthur, Angelina, Aransas, Atascosa, Austin, Bastrop, Bee, Bexar, Brazoria, Brazos, Burleson, Caldwell, Calhoun, Cameron, Chambers, Colorado, Comal, DeWitt, Fayette, Fort Bend, Galveston, Goliad, Gonzales, Grimes, Guadalupe, Hardin, Harris, Jackson, Jasper, Jefferson, Jim Wells, Karnes, Kerr, Kleberg, Lavaca, Lee, Leon, Liberty, Live Oak, Madison, Matagorda, Montgomery, Newton, Nueces, Orange, Polk, Refugio, Sabine, San Jacinto, San Patricio, Trinity, Tyler, Victoria, Walker, Waller, Washington, Wharton, Willacy, Wilson, San Augustine), Southwestern Louisiana (Acadia, Forrest, Iberia, Lafayette, Vernon, Beauregard, Calcasieu, Cameron (Hackberry), Jefferson Davis, Vermillion, Allen, Natchitoches, Rapides, Sabine)"
2b100119214110fc01d511ab2e741315,nat-met-sto-tro,2017-0381-USA,USA,97.0,0.0,0.0,70000.0,70000.0,"Keys islands, Monroe, South Florida, Jacksonville (Duval), Marco Island, Naples (Collier), Fort Lauderdale (Broward), Lakeland (Polk), Orlando (Orange), Clay (Florida), Savannah, Tybee Island (Chatham), Brunswick, St. Simons Island (Glynn), McIntosh, Camden (Georgia), Charleston, Folly Beach, the Isle of Palms, Sullivans Island (Charleston) Hilton Head, Beaufort, Edisto Beach (Colleton) (South Carolina)"
28c91048ff0d96cf179c58f87af414ef,nat-cli-wil-lan,2017-0434-USA,USA,43.0,185.0,0.0,9000.0,9185.0,"Napa, Sonoma, Mendocino, Lake, Solano, Butte, Yuba, Nevada, Humboldt, Calavaras, Orange counties (California)"
183ccd4ef4927dbb03d21a3195e44001,nat-cli-wil-wil,2017-0511-USA,USA,2.0,2.0,0.0,2961.0,2963.0,"Ventura, Santa Barbara, Los Angeles, San Diego, Riverside counties (California)"
de9a9f930b7b2e1d82b8e10ea9635dbc,nat-met-sto-hai,2017-0563-USA,USA,2.0,15.0,600.0,0.0,615.0,"Missouri (Oak Grove in Jackson County, Clay and Clinton (Trimble, Plattsburg, Lathrop) counties), Iowa (Centerville in Appanoose county, Muscatine), Minnesota (Sherburne, Freeborn counties, Lake Ann in Carver county), Kansas (Wabaunsee, Pottawatomie and Butler counties), Wisconsin, Arkansas, Oklahoma, Illinois, Mississipi, Michigan, New-York, Pennsylvania, Massachussets, Ohio, Nebraska, Indiana"
bff9ba5090604c29149a05983c1ea4cb,nat-hyd-mmw-mud,2018-0010-USA,USA,21.0,28.0,1338.0,0.0,1366.0,"Santa Barbara County (Montecito and Carpinteria), Los Angeles County (Burbank), Ventura (California)"
d27ab4ca32a287b3807306a4cf02d4e5,nat-met-sto-sto,2018-0206-USA,USA,5.0,0.0,75.0,0.0,75.0,"New York City, Washington DC, Baltimore, Maryland, Texas, Kansas, Colorado, Oklahoma, Missouri, Illinois, Indiana, Iowa, New Jesey, Pennsylvania, Virginia, West Virginia, Massachusetts, Connecticut"
731ac94bb447b59fbda419e808f8c384,nat-cli-wil-for,2018-0258-USA,USA,14.0,0.0,0.0,3237.0,3237.0,"Shasta, Trinity, Mendocino, Lake, Colusa, and Glenn counties (California)"
075b6e189397b5f655cb04b245e51665,nat-met-sto-tro,2018-0342-USA,USA,53.0,0.0,1500000.0,0.0,1500000.0,"South and North Carolina, Virginia"
cba97325a0312677b92c0d5f7786b48b,nat-met-sto-tro,2018-0373-USA,USA,49.0,0.0,5000.0,0.0,5000.0,"Florida, Georgia, Alabama, North Carolina, Virginia, Maryland"
2a703ac72d5ab95a79ef7bc4a7038150,nat-cli-wil-for,2018-0409-USA,USA,88.0,0.0,250000.0,0.0,250000.0,Butte county (North California)
cccc81b0a819673e6c3ffa53e3cdcc8f,nat-cli-wil-wil,2018-0468-USA,USA,2.0,3.0,0.0,0.0,3.0,"Thousand Oaks, Oak Park, Westlake Village, Agoura Hills, West Hills, Simi Valley, Chatsworth, Bell Canyon, Hidden Hills, Malibu and Calabasas (California)"
139fb921e46b598fd2c3d559135011f7,nat-met-sto-bli,2019-0007-USA,USA,13.0,57.0,0.0,0.0,57.0,"Missouri, Illinois, Iowa, Kansas, Nebraska, Washington DC, Virginia, Colorado, North, South Carolina"
f9c6574b58d6661093f44861e93968c5,nat-met-sto-tor,2019-0081-USA,USA,28.0,90.0,0.0,0.0,90.0,"Alabama, Georgia, South Carolina, Florida, Mississippi,"
78956f793bf7467255247b56c1dfd5fc,nat-hyd-flo-flo,2019-0086-USA,USA,1.0,0.0,6000.0,0.0,6000.0,"Amador, Glenn, Lake, Mendocino, Sonoma, Humboldt counties (California)"
933cbcc40d27b06d834af439a8137341,nat-met-sto-lig,2019-0089-USA,USA,2.0,12.0,0.0,0.0,12.0,"Tennessee, Mississippi, Alabama, Illinois, Indiana, Ohio, Connecticut, Maryland, Massachusetts, New Jersey, New-York, Pennsylvania, Virginia, West Virginia states"
9194135692ea265cc42518900db9eef4,nat-hyd-flo-flo,2019-0090-USA,USA,1.0,0.0,8000.0,0.0,8000.0,Northern California
dddda0f3500f5a1961106b85c7c944f6,nat-hyd-flo-riv,2019-0116-USA,USA,5.0,0.0,2000.0,0.0,2000.0,"Nebraska, Iowa, Wisconsin, Missouri, Kansas, Illinois, Minnesota, South Dakota, North Dakota, Michigan"
68b031386dc78a5a4007cc2606553923,nat-met-sto-tor,2019-0160-USA,USA,8.0,12.0,0.0,165.0,177.0,"Robertson, Angelina, Houston and Cherokee Counties (Texas); Louisiana, Arkansas, Mississippi, Alabama, Georgia, North Carolina, Ohio, Pennyslvania"
d4cc548ae41f7d440db354195c53a97d,nat-hyd-flo-flo,2019-0171-CAN,CAN,1.0,0.0,19500.0,0.0,19500.0,"Ontario, Nouveau-Brunswick, Quebec"
da2324deacc9bc74f357646d4929da78,nat-met-sto-tor,2019-0250-USA,USA,3.0,150.0,0.0,0.0,150.0,"Jefferson city, Golden (Barry county), Carl Junction (Jasper county), Missouri state"
e13fb1e6fa71b726eda8c5e1f20330ff,nat-hyd-flo-flo,2019-0307-USA,USA,3.0,0.0,600.0,0.0,600.0,"Lincolnton region (Lincoln County, North Carolina)"
458be1709fd9e9a88fb12f9ee3f5c607,nat-met-sto-tro,2019-0417-USA,USA,5.0,0.0,1000.0,0.0,1000.0,Texas
bd01817458a4739d35cb53e2053cf0a5,nat-cli-wil-for,2019-0513-USA,USA,3.0,12.0,312.0,279.0,603.0,Los Angeles and Riverside counties (California)
23c7c2ac15e4e07c64367004d7dbe70f,nat-met-sto-tor,2020-0082-USA,USA,25.0,300.0,12000.0,0.0,12300.0,"Nashville (Tennessee), Kentucky, Missouri, Mississippi, Georgia, Texas Oklahoma, Illinois, Indiana, Ohio, Arkansas, West Virginia, Pennsylvania"
2583f68364cf3fa27a011aad873609b2,nat-met-sto-tor,2020-0148-USA,USA,38.0,200.0,0.0,0.0,200.0,"Louisiana, Texas, Mississippi, South Carolina, Georgia, Tennessee, Arkansas, North Carolina, Alabama"
1f64ac3df0e724fa501681d19f536bff,nat-met-sto-tor,2020-0167-USA,USA,3.0,31.0,0.0,0.0,31.0,"Texas, Oklahoma, Louisiana, Mississippi, Alabama, Georgia, Florida, Virginia"
671e7abe7fddde842f3802201dcfaf29,nat-hyd-flo-riv,2020-0191-CAN,CAN,1.0,0.0,12936.0,0.0,12936.0,Alberta
9decca4c4bafab802f4142e8a76a1996,nat-hyd-flo-flo,2020-0212-USA,USA,1.0,0.0,10000.0,0.0,10000.0,"Midland Country, Edenville, Sanford (Central Michigan State)"
fd21bfa2a44c07e7565077b20220b116,nat-met-sto-tro,2020-0376-USA,USA,33.0,0.0,6500.0,0.0,6500.0,"Louisiana, Texas, Arkansas, Mississippi"
9803a6611462ef6169f8c7446c1114ea,nat-met-sto-tro,2020-0412-USA,USA,4.0,0.0,9400.0,0.0,9400.0,"Louisiana, Texas, Mississippi, Georgia, North and South Carolina"
dda0821ff1e03c0be976439f5bfe1100,nat-met-sto-tor,2021-0037-USA,USA,1.0,30.0,0.0,0.0,30.0,Jefferson county (Alabama)
f8155b47eb7178b273dafe3d90714339,nat-met-sto-sev,2021-0043-USA,USA,2.0,0.0,75.0,0.0,75.0,"San Mateo, Santa Cruz and Monterey Counties (California)"
9218a031471a34c7a135706c65be29d2,nat-met-sto-bli,2021-0096-USA,USA,235.0,10.0,0.0,0.0,10.0,"North Carolina, Oklahoma, Arkansas, Missouri, Illinois, Kentucky, Tennessee, Louisiana, Mississippi, Colorado, Oregon, Washington, Nebraska, Texas"
09a907061444f92b0d96060608848f95,nat-hyd-flo-riv,2021-0117-USA,USA,1.0,1.0,50.0,0.0,51.0,"Todd, Christian, Breathitt, Lee and Magoffin Counties (Kentucky); Tennessee, West Virginia, Arkansas, Ohio, and Maryland"
e695372fdfb0d08327b58036a500f462,nat-met-sto-sev,2021-0199-USA,USA,3.0,7.0,0.0,0.0,7.0,"Louisiana, Florida, Mississippi, Alabama"
9106a6ef3e25bc1e306ce41ab7a40386,nat-met-sto-tor,2021-0266-USA,USA,4.0,8.0,0.0,0.0,8.0,"Alabama, Louisiana, Mississippi, Tennessee, Georgia, Texas, Virginia, Arkansas, South Carolina, North Carolina"
37ed4b523f598ea87706783386c53fbe,nat-met-sto-sev,2021-0273-USA,USA,6.0,0.0,250.0,0.0,250.0,East Baton Rouge Parish (eastern Louisiana); Lake Charles City (south-western Louisiana)
be61fd599178a80c961c96584551e20c,nat-met-sto-sto,2021-0305-USA,USA,14.0,20.0,324.0,0.0,344.0,"Near Greenville, Butler county (Alabama); Louisiane, Mississippi, Floride"
9fa35247b33f9234ac60d170dc0c7414,nat-met-sto-tor,2021-0356-CAN,CAN,1.0,2.0,300.0,0.0,302.0,Montreal City area (Quebec)
3295b44b4fc7c22e8985a8bedbbc9538,nat-cli-wil-wil,2021-0367-CAN,CAN,2.0,0.0,250.0,0.0,250.0,Lytton (British Columbia)
6e717dce9167f6f2e112576a3d181a10,nat-met-sto-tro,2021-0373-USA,USA,1.0,9.0,0.0,0.0,9.0,"California, Georgia, Florida, North Carolina, South Carolina"
947abd4b879b3a4a3d928d759e08bda5,nat-cli-wil-for,2021-0433-USA,USA,3.0,13.0,36.0,1212.0,1261.0,Plumas County (California)
5644901bcac7f3aa8f101583ee5cbb1c,nat-met-sto-tro,2021-0532-USA,USA,7.0,0.0,105.0,0.0,105.0,"Transylvania, Haywood, Swain counties (North Carolina); Florida"
febe12391eed9a0a09d2050e05f51fdc,nat-hyd-flo-fla,2021-0533-USA,USA,22.0,0.0,89.0,0.0,89.0,"Dickson, Humphrey, and Hickman Counties (Tennessee)"
ce05a7b199770f07d5370318ea7ef928,nat-met-sto-tro,2021-0551-USA,USA,96.0,0.0,14000.0,0.0,14000.0,"Louisiana, New York, New Jersey, Maryland, Connecticut, Virginia, Pennsylvania, Delaware"
4a1a149fb12f11b3c90e61f2a5b03e97,nat-hyd-flo-fla,2021-0562-USA,USA,1.0,0.0,600.0,0.0,600.0,Utah and Colorado
04ae3aef7796dc8f8f378ec150995038,nat-hyd-flo-flo,2021-0741-CAN,CAN,4.0,0.0,15000.0,0.0,15000.0,"Fraser Valley, Okanagan-Similkameen, Thompson-Nicola,Vancouver (British Columbia)"
a942c4bbcb24adf64829b8de3037a088,nat-hyd-flo-flo,2021-0741-USA,USA,1.0,0.0,500.0,0.0,500.0,Whatcom County (northern Washington State)
b67e6816dc3b2e2a1a7c463224165e1a,nat-met-sto-tor,2021-0797-USA,USA,93.0,100.0,0.0,0.0,100.0,"Graves County, Caldwell, Hopkins, Muhlenberg, Ohio, Warren, Taylor (Kentucky); Saint Charles (Missouri); Obion (Tennessee); (Mississippi); Craighead, Poinsett, Mississippi (Arkansas); Madison (Illinois)"
ecbb44ae916d7d30f5a61925fc91b5db,nat-met-sto-sev,2021-0815-USA,USA,5.0,0.0,120.0,0.0,120.0,"Russell, Ellis, Lyon (Kansas); Floyd (Iowa); Missouri; Prowers, El Paso (Colorado); Nebraska; Freeborn (Minnesota); Wisconsin; Taos (New Mexico)"
7031701304d6fb7f78ec7a177859d99f,nat-cli-wil-wil,2021-0832-USA,USA,2.0,0.0,3273.0,381.0,3654.0,"Louisville, Superior (Boulder county, Colorado)"
84bed47d4718f552bc05e953e3f3ba80,nat-met-sto-tor,2022-0126-USA,USA,8.0,0.0,90.0,0.0,90.0,"Madison county (Iowa state); Illinois, Indiana, Ohio, Arkansas, Kentucky, New Hampshire, Pennsylvania, Maryland, New York, New Jersey, New England"
d9ab533c20424c369896afa378bd2b08,nat-met-sto-tor,2022-0157-USA,USA,5.0,50.0,0.0,0.0,50.0,"Bastrop, Cass, Cooke, Grayson, Guadalupe, Houston, Jack, Madison, Marion, Montague, Nacogdoches, Panola, Rusk, Upshur, Williamson, and Wise counties (Texas); Oklahoma, Louisiana; Adams, Attala, Clay, Copiah, George, Hinds, Holmes, Jefferson, Kemper, Lauderdale, Madison, Smith, Warren, Oktibbehaand Yazoo Counties (Mississippi); Perry, Chilton, Bibb, Shelby, and Talladega Counties (Alabama); Ohio, South and North Carolina"
8e18e96e20962d7ecad076aa62fe07c8,nat-met-sto-sev,2022-0185-USA,USA,2.0,0.0,90.0,0.0,90.0,"Washington County (Arkansas); Shelby, Chilton, Bibb Counties (Alabama); Iowa, Kansas, Missouri; Newton county (Texas); Lousiana; Bolivar, Calhoun, Hinds, Warren, Yazoo Counties (Mississippi); Trigg County (Kentucky); Washington County (Florida); Armstrong County (Pennsylvania)"
4235272786fe1c3b724f3909817b2178,nat-met-sto-tor,2022-0212-USA,USA,1.0,28.0,15.0,0.0,43.0,"Williamson and Bell Counties (Texas); Pocahontas County (Iowa); Atoka and Coal counties (Oklahoma); Faulkner, Franklin, Logan, Prairie, Sebastian, and White Counties (Arkansas); Mower County (Minnesota); Jefferson, Shelby, Hardin Counties (Kentucky); Louisiana, Mississippi, Alabama, Tennessee, Indiana"
0794a4782d047e255c666bb9f7e925a8,nat-met-sto-tor,2022-0261-USA,USA,3.0,6.0,300.0,0.0,306.0,Andover Town (Butler County); Wichita City (Sedgwick County) - Kansas; Texas; Oklahoma
844863f6eac74b0f3074b2dae3276bfc,nat-met-sto-der,2022-0325-USA,USA,2.0,12.0,0.0,0.0,12.0,"Minnesota, Kentucly, Michigan, Missouri, Illinois, Wisconsin"
f590c69b4f726e744cbd6d88c8f881ee,nat-hyd-flo-flo,2022-0480-USA,USA,42.0,0.0,475.0,0.0,475.0,"Kentucky, Missouri"
e9c6a75300320ecf95d76a8628911750,nat-cli-wil-wil,2022-0486-USA,USA,4.0,7.0,33.0,555.0,595.0,Siskiyou County (California)
fa6f4c052ed71f888fb0765e824842e2,nat-met-sto-tro,2022-0603-CAN,CAN,1.0,0.0,4000.0,0.0,4000.0,"Nova Scotia, Prince Edward Island, Newfoundland, and Quebec"
00fc984be9fe09eeface3c7cbcbdc6b1,nat-met-sto-tro,2022-0734-USA,USA,5.0,0.0,1500.0,0.0,1500.0,"Bahamas, Florida"
46423fe95a76a1052ab70b59276bc9dc,nat-met-sto-sev,2022-0735-USA,USA,2.0,0.0,600.0,0.0,600.0,"Texas, Arkansas and Oklahoma"
5500ce9c807d81db8b93888eb222b96b,nat-geo-ear-gro,2022-0808-USA,USA,2.0,12.0,0.0,0.0,12.0,Humboldt County (California)
2ce8c35b879cc2d557ed2314b15d6373,nat-met-sto-sto,2022-0811-USA,USA,3.0,37.0,0.0,0.0,37.0,"Louisiana, Oklahoma, Texas, Alabama, Mississippi, Georgia, Florida states"
dce736ef7c17c704f93da26cbe0372a8,nat-met-sto-sto,2022-0863-USA,USA,18.0,0.0,717.0,0.0,717.0,"Sacramento City, Santa Cruz, Calaveras, San Mateo, Ventura, Santa Barbara, El Dorado, Monterey, Santa Clara, Alameda, San Benito, Merced, Mono, Stanislaus, Mendocino, Humboldt (California)"
616071764371783e1d476d22929cf70c,nat-met-sto-tor,2023-0032-USA,USA,11.0,49.0,0.0,0.0,49.0,Alabama and Georgia
446c1c4e611d9cc4345a291f0208ccd4,nat-met-ext-sev,2023-0052-USA,USA,10.0,25.0,0.0,0.0,25.0,"Texas, Arkansas, Louisiana, Oklahoma, Tennessee. Mississippi"
113afcd59803bbccaf9a5ff8452ed6d5,nat-met-sto-sev,2023-0135-USA,USA,3.0,0.0,551.0,0.0,551.0,"Monterey, Merced and Tulare Counties (California); Nevada"
13c2ff9f471ec26419bea8becbdacd47,nat-met-sto-tor,2023-0176-USA,USA,25.0,72.0,6000.0,939.0,7011.0,"Rolling Fork, Silver City, Winona, Sharkey, Smithville, Amory and Montgomery (Mississippi); Alabama, Georgia, Tennessee"
976dfbcb727a08b152ed094744e465e5,nat-met-sto-tor,2023-0192-USA,USA,31.0,200.0,5544.0,735.0,6479.0,"Memphis (Tennessee); Owen and Sullivan counties (Indiana); Arkansas, Mississippi, Alabama, Illinois; Sussex county (Delaware); Oklahoma, Iowa, Kentucky, Ohio, Missouri, Kansas; Pennsylvania"
2c7991763ab95dd84d36210eec06a1e9,nat-met-sto-tor,2023-0206-USA,USA,5.0,5.0,225.0,36.0,266.0,"Bollinger County (Missouri); Illinois, Kentucky, Iowa, Indiana, Ohio, Michigan"
c2c574aa5bf5edbfff81f7e4fd3afe80,nat-met-sto-sto,2023-0239-USA,USA,1.0,12.0,0.0,0.0,12.0,"Arkansas, Florida, Illinois, Kansas, Louisiana, Missouri, Nebraska,Texas, Oklahoma, Iowa"
192765020da179eeb950ab8eb5e2d20c,nat-hyd-flo-flo,2023-0272-CAN,CAN,2.0,0.0,1000.0,0.0,1000.0,"Baie-Saint-Paul (Charlevoix Region), Saint-Cme and Sainte-mlie-de-l'nergie (Lanaudire Region, south-western Quebec)."
10af6f2d3469907c56f0a03dc54ceca9,nat-met-sto-sto,2023-0324-USA,USA,5.0,135.0,60.0,0.0,195.0,"Texas, Oklahoma, Kansas, Louisiana, Michigan, Ohio, Mississippi, Nebraska, Wyoming, Colorado and Arkansas"
084ced863bb0c80b9c33cbfb1faa2e38,nat-met-sto-tor,2023-0332-USA,USA,3.0,12.0,600.0,0.0,612.0,"Dallas, Tarrant, Denton, Ochiltree counties (Texas); Louisiana, Mississippi, Alabama, Georgia, Tennessee, Arkansas, South Carolina and Florida"
532247c67b4207f77e806f2869337939,nat-met-sto-sto,2023-0370-USA,USA,8.0,100.0,0.0,0.0,100.0,"Montana, Wyoming, South Dakota, Nebraska, Minnesota, Ohio, Tennessee, Oklahoma, Wyoming, Colorado, Indiana, Kentucky, Arkansas"
e1d9605b73df52d019a0b06a5db581df,nat-hyd-flo-flo,2023-0465-CAN,CAN,4.0,0.0,450.0,0.0,450.0,"East and West Hants Regional Municipality, Halifax Regional Municipality, Lunenburg and Queens counties in southern Nova Scotia"
9b25771c28dd59f161dfc671603ff3d3,nat-cli-wil-wil,2023-0524-USA,USA,128.0,0.0,7695.0,0.0,7695.0,Maui and Kula City (Hawai)
862180e1258c91be842efad0a2d510f0,nat-hyd-flo-flo,2023-0785-USA,USA,3.0,0.0,126.0,0.0,126.0,Portland City area (Oregon State); Snohomish and Wahkiakum Counties (Washington State)
63a65b0dcca5ef87a46df95448d5ccd5,nat-met-sto-sev,2023-0826-USA,USA,6.0,91.0,1950.0,0.0,2041.0,"Nashville City, Davidson County; Clarksville City, Montgomery County in (Tennesee state); Louisiana; Connecticut"
7e275a737304906eac2669ed494eed92,nat-met-sto-sev,2023-0843-USA,USA,7.0,12.0,57.0,0.0,69.0,"Massachusetts, Maine, New Jersey, New York, Pennsylvania and South Carolina"
fb9fa53a1087df41ec3ba19756bfa00e,nat-met-sto-sev,2024-0004-USA,USA,5.0,11.0,0.0,0.0,11.0,"New Mexico, Colorado, Kansas, Nebraska, South Dakota, and Iowa; Panama City and Jackson County (Florida), Cottonwood (Alabama), Bamberg (South Carolina), Catawba County (North Craolina)."
fa5fd58e2595f2cf4dc66d4db0da7ede,nat-met-sto-sev,2024-0062-USA,USA,9.0,0.0,86.0,0.0,86.0,"Los Angeles, Monterrey, Santa Barbara, Ventura, San Diego, Santa Clara, San Mateo, Santa Cruz, Sutter and Sacramento (California)"
ef710ae48d8091e8a42545c176dddb31,nat-cli-wil-wil,2024-0126-USA,USA,2.0,0.0,300.0,39.0,339.0,"Texas, Oklahoma"
7d47cc1d04fef9200354f13153afac6c,nat-met-sto-tor,2024-0173-USA,USA,3.0,70.0,0.0,0.0,70.0,"Ohio, Indiana, Kentucky, Kansas, Oklahoma, Illinois and Arkansas"
12babdfa7820da13a5bf601b9bad3d4c,nat-hyd-flo-flo,2024-0205-USA,USA,1.0,10.0,216.0,0.0,226.0,"Texas, Louisiana, MIssissippi, Florida, Colorado, Nebraska, and Wyoming"
378a982ca0b3169f7aa739f481fec21f,nat-met-sto-tor,2024-0266-USA,USA,4.0,0.0,558.0,597.0,1155.0,"Oklahoma, Iowa, Nebraska, Texas, Kansas, Missouri, Michigan, Tennessee, North and South Craolinas"
c6ef4f62680f9da52ffc9f3ed7e927fb,nat-met-sto-tor,2024-0314-USA,USA,5.0,35.0,0.0,300.0,335.0,Greenfield (Iowa state)
0a6e1b2b208d1cf541debc8677ce4658,nat-met-sto-sev,2024-0340-USA,USA,23.0,80.0,102.0,0.0,182.0,"Arkansas, northern Texas, eastern Oklahoma, Kentucky, Alabama, Colorado, Missouri, Illinois"
a69294584778cfc2af081b9529afa12b,nat-cli-wil-for,2024-0403-USA,USA,2.0,2.0,1500.0,0.0,1502.0,"Otero and Lincoln Counties (New Mexico); California, Washington states"
fc759201f69f5fdda292f31c9f82479c,nat-met-sto-tro,2024-0422-USA,USA,45.0,0.0,207.0,0.0,207.0,"Texas, Louisiana"
e93fa5d59a214bbde2de70b1e82901df,nat-met-sto-tro,2024-0722-USA,USA,27.0,13.0,1000.0,0.0,1013.0,"Hillsborough, Pinellas, Sarasota Volusia, Saint Petersburg, Tampa, (Florida state)"
6e26acc38a6baf7d2b9d070a28480ddf,nat-hyd-flo-fla,2024-0788-USA,USA,2.0,38.0,300.0,0.0,338.0,"Roswell (Chaves county, Eastern New Mexico)"
4b2fb0aaabe0142bbc75a4177a6cb4c5,nat-met-sto-sev,2024-0814-USA,USA,5.0,11.0,408.0,120.0,539.0,"Oklahoma, Missouri, Arkansas states"
